{
  "rebalance": "monthly",
  "leverage_cap": 1.5,
  "results": {
    "verified_pgd_mv (sum w=1)": {
      "net_sharpe": 0.6013557025538295,
      "gross_sharpe": 0.6378042260451422,
      "ann_return": 0.16646170958853257,
      "ann_vol": 0.370886283788554,
      "max_drawdown": -0.9460799912703731,
      "avg_turnover": 0.05356310816012317,
      "psr": 0.9999999994263782,
      "dsr_n50": 0.9999327391008213
    },
    "long_only_momentum (sum w=1)": {
      "net_sharpe": 0.8024189868348699,
      "gross_sharpe": 0.8271061047429114,
      "ann_return": 0.1462196266644218,
      "ann_vol": 0.19358537237705434,
      "max_drawdown": -0.7680717800214867,
      "avg_turnover": 0.01895742348981991,
      "psr": 0.9999999999999993,
      "dsr_n50": 0.9999999958395904
    },
    "equal_weight_1N (sum w=1)": {
      "net_sharpe": 0.7029072488250802,
      "gross_sharpe": 0.7029672863336358,
      "ann_return": 0.1058355557744115,
      "ann_vol": 0.1618234560279762,
      "max_drawdown": -0.7847281015300487,
      "avg_turnover": 0.0,
      "psr": 0.9999999999991542,
      "dsr_n50": 0.9999992330626514
    },
    "dollar_neutral_baseline (sum w=0)": {
      "net_sharpe": 0.475036186224122,
      "gross_sharpe": 0.5318258336472805,
      "ann_return": 0.034968880335788155,
      "ann_vol": 0.0789328702342502,
      "max_drawdown": -0.45048150048933233,
      "avg_turnover": 0.01770242544255885,
      "psr": 0.9999990473968867,
      "dsr_n50": 0.9940531731934087
    }
  }
}
